label,source,n_examples,n_correct_rollouts,vision_driven_frac,prior_driven_frac,mean_g,frac_vision_helped,frac_vision_hurt,pass_rate_g_pos,pass_rate_g_nonpos,rho,rho_ci_lo,rho_ci_hi
base_Qwen25VL7B,ALL,161,113.5625,0.8007705008255366,0.19922949917446342,3.610349411698729,0.7515527950310559,0.2484472049689441,0.7515495867768595,0.565625,0.19394841122777068,0.04066316935339143,0.343759910863836
vgpo_Qwen25VL7B,ALL,140,100.125,0.7940074906367042,0.20599250936329583,4.218875603528535,0.7357142857142858,0.2642857142857143,0.7718446601941747,0.5574324324324325,0.1936863451058019,0.011693085805523737,0.3657661091667614
